,date,state,handgun,long_gun,multiple
0,2021-02-01,Florida,66307.0,26720.0,2894
1,2021-02-01,Iowa,204.0,2462.0,2
2,2021-02-01,Nevada,6884.0,3079.0,419
3,2021-02-01,Ohio,28134.0,16727.0,1212
4,2021-01-01,Florida,97406.0,40173.0,4549
5,2021-01-01,Iowa,304.0,4155.0,5
6,2021-01-01,Nevada,9181.0,4325.0,546
7,2021-01-01,Ohio,45379.0,26775.0,1972
8,2020-12-01,Florida,81564.0,40115.0,3733
9,2020-12-01,Iowa,312.0,4678.0,11
10,2020-12-01,Nevada,8205.0,4599.0,529
11,2020-12-01,Ohio,33723.0,27057.0,1444
12,2020-11-01,Florida,84366.0,40575.0,4176
13,2020-11-01,Iowa,365.0,5751.0,4
14,2020-11-01,Nevada,9055.0,4507.0,565
15,2020-11-01,Ohio,37382.0,32959.0,1863
16,2020-10-01,Florida,83816.0,32346.0,3495
17,2020-10-01,Iowa,218.0,4151.0,5
18,2020-10-01,Nevada,8764.0,3693.0,516
19,2020-10-01,Ohio,35332.0,23048.0,1613
20,2020-09-01,Florida,76685.0,29317.0,3174
21,2020-09-01,Iowa,227.0,3541.0,2
22,2020-09-01,Nevada,8773.0,3700.0,444
23,2020-09-01,Ohio,32432.0,19759.0,1342
24,2020-08-01,Florida,85345.0,30914.0,3193
25,2020-08-01,Iowa,242.0,3223.0,6
26,2020-08-01,Nevada,9541.0,3884.0,488
27,2020-08-01,Ohio,37224.0,19937.0,1356
28,2020-07-01,Florida,106745.0,33102.0,3832
29,2020-07-01,Iowa,248.0,2685.0,6
30,2020-07-01,Nevada,11920.0,3949.0,594
31,2020-07-01,Ohio,43645.0,18865.0,1434
32,2020-06-01,Florida,133285.0,39111.0,4846
33,2020-06-01,Iowa,319.0,4009.0,8
34,2020-06-01,Nevada,14420.0,4220.0,621
35,2020-06-01,Ohio,54811.0,21686.0,1938
36,2020-05-01,Florida,73691.0,22529.0,2790
37,2020-05-01,Iowa,287.0,2825.0,9
38,2020-05-01,Nevada,10720.0,3997.0,604
39,2020-05-01,Ohio,37486.0,17996.0,1524
40,2020-04-01,Florida,84431.0,26731.0,3451
41,2020-04-01,Iowa,296.0,3284.0,8
42,2020-04-01,Nevada,12225.0,3870.0,695
43,2020-04-01,Ohio,37486.0,18560.0,1716
44,2020-03-01,Florida,117900.0,38365.0,6073
45,2020-03-01,Iowa,378.0,5778.0,13
46,2020-03-01,Nevada,13530.0,4712.0,877
47,2020-03-01,Ohio,63707.0,28817.0,3527
48,2020-02-01,Florida,59653.0,20306.0,2710
49,2020-02-01,Iowa,220.0,2419.0,7
50,2020-02-01,Nevada,6215.0,2706.0,342
51,2020-02-01,Ohio,29360.0,14843.0,1558
52,2020-01-01,Florida,54985.0,19973.0,2488
53,2020-01-01,Iowa,198.0,2030.0,4
54,2020-01-01,Nevada,5250.0,2413.0,278
55,2020-01-01,Ohio,24218.0,13069.0,999
56,2019-12-01,Florida,67435.0,31580.0,3150
57,2019-12-01,Iowa,271.0,4421.0,3
58,2019-12-01,Nevada,6307.0,3636.0,362
59,2019-12-01,Ohio,31054.0,23312.0,1380
60,2019-11-01,Florida,54799.0,24497.0,2924
61,2019-11-01,Iowa,348.0,4487.0,9
62,2019-11-01,Nevada,4892.0,2873.0,318
63,2019-11-01,Ohio,25230.0,24933.0,1390
64,2019-10-01,Florida,47504.0,19816.0,2494
65,2019-10-01,Iowa,174.0,2940.0,4
66,2019-10-01,Nevada,4402.0,2573.0,257
67,2019-10-01,Ohio,18896.0,16127.0,1124
68,2019-09-01,Florida,44565.0,18261.0,2361
69,2019-09-01,Iowa,131.0,2288.0,7
70,2019-09-01,Nevada,3985.0,2467.0,267
71,2019-09-01,Ohio,17083.0,13048.0,936
72,2019-08-01,Florida,54215.0,18910.0,2632
73,2019-08-01,Iowa,144.0,1985.0,5
74,2019-08-01,Nevada,4896.0,2596.0,285
75,2019-08-01,Ohio,22222.0,12658.0,1006
76,2019-07-01,Florida,43914.0,13570.0,1968
77,2019-07-01,Iowa,113.0,1264.0,4
78,2019-07-01,Nevada,3852.0,1891.0,240
79,2019-07-01,Ohio,15931.0,9342.0,748
80,2019-06-01,Florida,44378.0,13576.0,2484
81,2019-06-01,Iowa,117.0,1299.0,4
82,2019-06-01,Nevada,4117.0,2066.0,264
83,2019-06-01,Ohio,17949.0,9885.0,874
84,2019-05-01,Florida,45087.0,14214.0,2422
85,2019-05-01,Iowa,115.0,1471.0,1
86,2019-05-01,Nevada,4128.0,2161.0,254
87,2019-05-01,Ohio,17577.0,9758.0,864
88,2019-04-01,Florida,48329.0,15125.0,2130
89,2019-04-01,Iowa,200.0,1761.0,4
90,2019-04-01,Nevada,4502.0,2535.0,258
91,2019-04-01,Ohio,22541.0,11994.0,963
92,2019-03-01,Florida,59615.0,19429.0,2526
93,2019-03-01,Iowa,204.0,3014.0,5
94,2019-03-01,Nevada,6661.0,3114.0,393
95,2019-03-01,Ohio,31090.0,17313.0,1358
96,2019-02-01,Florida,51711.0,17833.0,2315
97,2019-02-01,Iowa,153.0,1935.0,6
98,2019-02-01,Nevada,5541.0,2524.0,293
99,2019-02-01,Ohio,25652.0,13985.0,1123
100,2019-01-01,Florida,47372.0,18749.0,2132
101,2019-01-01,Iowa,128.0,1887.0,0
102,2019-01-01,Nevada,5001.0,2386.0,257
103,2019-01-01,Ohio,19573.0,12290.0,828
104,2018-12-01,Florida,60210.0,30598.0,2584
105,2018-12-01,Iowa,262.0,4392.0,7
106,2018-12-01,Nevada,5889.0,3993.0,308
107,2018-12-01,Ohio,30746.0,25012.0,1227
108,2018-11-01,Florida,51850.0,23876.0,3545
109,2018-11-01,Iowa,303.0,4319.0,7
110,2018-11-01,Nevada,4806.0,3132.0,270
111,2018-11-01,Ohio,25372.0,26274.0,1241
112,2018-10-01,Florida,40226.0,16671.0,2018
113,2018-10-01,Iowa,173.0,2700.0,1
114,2018-10-01,Nevada,3731.0,2051.0,200
115,2018-10-01,Ohio,18401.0,15830.0,996
116,2018-09-01,Florida,38313.0,14646.0,1734
117,2018-09-01,Iowa,132.0,2391.0,2
118,2018-09-01,Nevada,3714.0,2111.0,224
119,2018-09-01,Ohio,17460.0,13312.0,868
120,2018-08-01,Florida,44227.0,15734.0,1935
121,2018-08-01,Iowa,160.0,1935.0,6
122,2018-08-01,Nevada,4164.0,2137.0,198
123,2018-08-01,Ohio,18482.0,12449.0,894
124,2018-07-01,Florida,42524.0,13468.0,1851
125,2018-07-01,Iowa,76.0,1469.0,4
126,2018-07-01,Nevada,3678.0,1799.0,206
127,2018-07-01,Ohio,16942.0,10255.0,778
128,2018-06-01,Florida,44821.0,14764.0,2475
129,2018-06-01,Iowa,92.0,1415.0,1
130,2018-06-01,Nevada,4117.0,2112.0,223
131,2018-06-01,Ohio,17338.0,10649.0,759
132,2018-05-01,Florida,47755.0,15850.0,2086
133,2018-05-01,Iowa,95.0,1507.0,6
134,2018-05-01,Nevada,4185.0,2209.0,249
135,2018-05-01,Ohio,18830.0,10891.0,756
136,2018-04-01,Florida,50172.0,18650.0,2186
137,2018-04-01,Iowa,156.0,2140.0,1
138,2018-04-01,Nevada,4424.0,2689.0,267
139,2018-04-01,Ohio,25111.0,15459.0,1163
140,2018-03-01,Florida,64230.0,30487.0,2808
141,2018-03-01,Iowa,177.0,3585.0,3
142,2018-03-01,Nevada,6427.0,3625.0,348
143,2018-03-01,Ohio,36314.0,24477.0,1830
144,2018-02-01,Florida,57435.0,26441.0,2539
145,2018-02-01,Iowa,156.0,2587.0,8
146,2018-02-01,Nevada,5510.0,2898.0,267
147,2018-02-01,Ohio,30691.0,19698.0,1799
148,2018-01-01,Florida,48377.0,20690.0,1737
149,2018-01-01,Iowa,119.0,2004.0,3
150,2018-01-01,Nevada,4280.0,2217.0,237
151,2018-01-01,Ohio,21340.0,12521.0,898
152,2017-12-01,Florida,68075.0,37127.0,2495
153,2017-12-01,Iowa,231.0,4678.0,7
154,2017-12-01,Nevada,6236.0,4188.0,349
155,2017-12-01,Ohio,34374.0,27651.0,1431
156,2017-11-01,Florida,61694.0,31631.0,2622
157,2017-11-01,Iowa,280.0,4847.0,6
158,2017-11-01,Nevada,5350.0,3425.0,377
159,2017-11-01,Ohio,30973.0,28808.0,1536
160,2017-10-01,Florida,49568.0,24580.0,2089
161,2017-10-01,Iowa,126.0,3209.0,3
162,2017-10-01,Nevada,4361.0,2884.0,301
163,2017-10-01,Ohio,22833.0,18172.0,1106
164,2017-09-01,Florida,39199.0,17949.0,1721
165,2017-09-01,Iowa,151.0,2640.0,1
166,2017-09-01,Nevada,3992.0,2509.0,237
167,2017-09-01,Ohio,21085.0,14998.0,1026
168,2017-08-01,Florida,46682.0,21717.0,2048
169,2017-08-01,Iowa,134.0,2002.0,3
170,2017-08-01,Nevada,4052.0,2251.0,241
171,2017-08-01,Ohio,21432.0,14447.0,1034
172,2017-07-01,Florida,47430.0,18941.0,1844
173,2017-07-01,Iowa,94.0,1649.0,4
174,2017-07-01,Nevada,3647.0,1962.0,223
175,2017-07-01,Ohio,20990.0,14131.0,959
176,2017-06-01,Florida,52114.0,19380.0,2012
177,2017-06-01,Iowa,98.0,1641.0,3
178,2017-06-01,Nevada,4449.0,2337.0,219
179,2017-06-01,Ohio,23703.0,13536.0,973
180,2017-05-01,Florida,49700.0,18476.0,1907
181,2017-05-01,Iowa,196.0,1759.0,3
182,2017-05-01,Nevada,4630.0,2288.0,234
183,2017-05-01,Ohio,25230.0,12924.0,1059
184,2017-04-01,Florida,52889.0,19489.0,1840
185,2017-04-01,Iowa,252.0,2348.0,3
186,2017-04-01,Nevada,4890.0,2747.0,287
187,2017-04-01,Ohio,31417.0,16030.0,1209
188,2017-03-01,Florida,60787.0,23982.0,2176
189,2017-03-01,Iowa,316.0,3137.0,4
190,2017-03-01,Nevada,6038.0,3219.0,301
191,2017-03-01,Ohio,37474.0,19925.0,1481
192,2017-02-01,Florida,59201.0,23479.0,2187
193,2017-02-01,Iowa,318.0,2403.0,12
194,2017-02-01,Nevada,5644.0,2732.0,308
195,2017-02-01,Ohio,36244.0,18068.0,1583
196,2017-01-01,Florida,51599.0,21867.0,1816
197,2017-01-01,Iowa,180.0,2015.0,4
198,2017-01-01,Nevada,4235.0,2361.0,226
199,2017-01-01,Ohio,27124.0,15070.0,995
200,2016-12-01,Florida,69842.0,39880.0,2595
201,2016-12-01,Iowa,391.0,4822.0,3
202,2016-12-01,Nevada,6783.0,4696.0,411
203,2016-12-01,Ohio,40996.0,29641.0,1531
204,2016-11-01,Florida,62351.0,35718.0,2701
205,2016-11-01,Iowa,399.0,5112.0,13
206,2016-11-01,Nevada,6338.0,4291.0,436
207,2016-11-01,Ohio,37304.0,32312.0,1694
208,2016-10-01,Florida,50003.0,27010.0,2302
209,2016-10-01,Iowa,221.0,3557.0,11
210,2016-10-01,Nevada,5614.0,3471.0,378
211,2016-10-01,Ohio,30593.0,21991.0,1521
212,2016-09-01,Florida,45848.0,22439.0,1891
213,2016-09-01,Iowa,154.0,2694.0,8
214,2016-09-01,Nevada,4281.0,2764.0,272
215,2016-09-01,Ohio,24297.0,18038.0,1121
216,2016-08-01,Florida,49867.0,23359.0,1877
217,2016-08-01,Iowa,182.0,2345.0,3
218,2016-08-01,Nevada,4676.0,2629.0,274
219,2016-08-01,Ohio,26261.0,17526.0,1160
220,2016-07-01,Florida,57902.0,28000.0,2324
221,2016-07-01,Iowa,186.0,2227.0,1
222,2016-07-01,Nevada,5194.0,3006.0,308
223,2016-07-01,Ohio,27876.0,17720.0,1232
224,2016-06-01,Florida,55934.0,29501.0,2428
225,2016-06-01,Iowa,129.0,2004.0,8
226,2016-06-01,Nevada,4949.0,3114.0,279
227,2016-06-01,Ohio,24397.0,17086.0,1203
228,2016-05-01,Florida,42845.0,17025.0,1506
229,2016-05-01,Iowa,121.0,1569.0,3
230,2016-05-01,Nevada,4365.0,2329.0,225
231,2016-05-01,Ohio,26069.0,13219.0,973
232,2016-04-01,Florida,48697.0,19716.0,1596
233,2016-04-01,Iowa,184.0,2453.0,2
234,2016-04-01,Nevada,5135.0,2793.0,255
235,2016-04-01,Ohio,32959.0,17664.0,1244
236,2016-03-01,Florida,54164.0,22000.0,1748
237,2016-03-01,Iowa,252.0,3012.0,2
238,2016-03-01,Nevada,6116.0,3062.0,295
239,2016-03-01,Ohio,40331.0,19408.0,1459
240,2016-02-01,Florida,62770.0,25228.0,2138
241,2016-02-01,Iowa,279.0,2859.0,7
242,2016-02-01,Nevada,6643.0,3115.0,333
243,2016-02-01,Ohio,45459.0,20745.0,1873
244,2016-01-01,Florida,62085.0,26356.0,2036
245,2016-01-01,Iowa,292.0,2600.0,9
246,2016-01-01,Nevada,6064.0,2835.0,257
247,2016-01-01,Ohio,38028.0,18613.0,1322
248,2015-12-01,Florida,86940.0,45769.0,3005
249,2015-12-01,Iowa,436.0,5654.0,8
250,2015-12-01,Nevada,9510.0,5088.0,462
251,2015-12-01,Ohio,60280.0,38256.0,2093
252,2015-11-01,Florida,50796.0,28981.0,1957
253,2015-11-01,Iowa,267.0,4596.0,4
254,2015-11-01,Nevada,4889.0,3272.0,287
255,2015-11-01,Ohio,34878.0,31817.0,1483
256,2015-10-01,Florida,45304.0,22587.0,1826
257,2015-10-01,Iowa,172.0,3318.0,4
258,2015-10-01,Nevada,4292.0,2549.0,255
259,2015-10-01,Ohio,27354.0,20613.0,1254
260,2015-09-01,Florida,40647.0,20159.0,1727
261,2015-09-01,Iowa,191.0,2514.0,5
262,2015-09-01,Nevada,4183.0,2499.0,264
263,2015-09-01,Ohio,23309.0,16734.0,1148
264,2015-08-01,Florida,42171.0,20307.0,1700
265,2015-08-01,Iowa,170.0,2288.0,3
266,2015-08-01,Nevada,3949.0,2462.0,234
267,2015-08-01,Ohio,23147.0,15795.0,1031
268,2015-07-01,Florida,42570.0,18069.0,1598
269,2015-07-01,Iowa,120.0,1563.0,3
270,2015-07-01,Nevada,4074.0,2201.0,210
271,2015-07-01,Ohio,23344.0,13252.0,898
272,2015-06-01,Florida,39592.0,17115.0,1395
273,2015-06-01,Iowa,184.0,1634.0,3
274,2015-06-01,Nevada,3778.0,2373.0,190
275,2015-06-01,Ohio,22545.0,13307.0,889
276,2015-05-01,Florida,39775.0,17145.0,1420
277,2015-05-01,Iowa,167.0,1781.0,9
278,2015-05-01,Nevada,4200.0,2611.0,212
279,2015-05-01,Ohio,22978.0,12473.0,958
280,2015-04-01,Florida,40786.0,18180.0,1351
281,2015-04-01,Iowa,211.0,2163.0,4
282,2015-04-01,Nevada,3891.0,2533.0,220
283,2015-04-01,Ohio,26841.0,16124.0,1022
284,2015-03-01,Florida,46739.0,22690.0,1664
285,2015-03-01,Iowa,295.0,3211.0,7
286,2015-03-01,Nevada,4938.0,3075.0,271
287,2015-03-01,Ohio,32293.0,20400.0,1350
288,2015-02-01,Florida,52791.0,24827.0,1974
289,2015-02-01,Iowa,268.0,2984.0,7
290,2015-02-01,Nevada,5338.0,3100.0,271
291,2015-02-01,Ohio,34137.0,18836.0,1595
292,2015-01-01,Florida,43909.0,21939.0,1752
293,2015-01-01,Iowa,197.0,2486.0,9
294,2015-01-01,Nevada,3936.0,2553.0,241
295,2015-01-01,Ohio,26268.0,16186.0,1164
296,2014-12-01,Florida,50412.0,37098.0,1954
297,2014-12-01,Iowa,260.0,5574.0,6
298,2014-12-01,Nevada,5202.0,4356.0,298
299,2014-12-01,Ohio,35658.0,30752.0,1436
300,2014-11-01,Florida,39126.0,30723.0,1805
301,2014-11-01,Iowa,174.0,5018.0,4
302,2014-11-01,Nevada,3807.0,3308.0,236
303,2014-11-01,Ohio,26893.0,32001.0,1294
304,2014-10-01,Florida,38428.0,23668.0,1742
305,2014-10-01,Iowa,176.0,3667.0,3
306,2014-10-01,Nevada,3830.0,2880.0,241
307,2014-10-01,Ohio,25552.0,22111.0,1289
308,2014-09-01,Florida,37253.0,21661.0,1722
309,2014-09-01,Iowa,178.0,2660.0,4
310,2014-09-01,Nevada,3517.0,2803.0,244
311,2014-09-01,Ohio,20852.0,17783.0,1066
312,2014-08-01,Florida,37260.0,19794.0,1649
313,2014-08-01,Iowa,117.0,2205.0,3
314,2014-08-01,Nevada,3749.0,2720.0,268
315,2014-08-01,Ohio,20742.0,16787.0,1031
316,2014-07-01,Florida,33878.0,17356.0,1419
317,2014-07-01,Iowa,119.0,1606.0,2
318,2014-07-01,Nevada,3359.0,2279.0,214
319,2014-07-01,Ohio,19770.0,14202.0,875
320,2014-06-01,Florida,33636.0,17047.0,1403
321,2014-06-01,Iowa,146.0,1614.0,4
322,2014-06-01,Nevada,3695.0,2418.0,220
323,2014-06-01,Ohio,18471.0,13177.0,840
324,2014-05-01,Florida,35254.0,17504.0,1518
325,2014-05-01,Iowa,120.0,1659.0,6
326,2014-05-01,Nevada,3740.0,2535.0,259
327,2014-05-01,Ohio,21891.0,14553.0,1030
328,2014-04-01,Florida,37470.0,19213.0,1476
329,2014-04-01,Iowa,183.0,2379.0,4
330,2014-04-01,Nevada,4030.0,2969.0,205
331,2014-04-01,Ohio,26196.0,18183.0,1161
332,2014-03-01,Florida,42745.0,23125.0,1602
333,2014-03-01,Iowa,237.0,3580.0,6
334,2014-03-01,Nevada,4727.0,3495.0,306
335,2014-03-01,Ohio,32656.0,21426.0,1361
336,2014-02-01,Florida,46802.0,25174.0,2008
337,2014-02-01,Iowa,206.0,2939.0,7
338,2014-02-01,Nevada,5089.0,3284.0,323
339,2014-02-01,Ohio,32864.0,19732.0,1707
340,2014-01-01,Florida,37372.0,22370.0,1519
341,2014-01-01,Iowa,214.0,2413.0,1
342,2014-01-01,Nevada,3683.0,2761.0,261
343,2014-01-01,Ohio,21851.0,14893.0,963
344,2013-12-01,Florida,44668.0,38782.0,1890
345,2013-12-01,Iowa,217.0,5671.0,6
346,2013-12-01,Nevada,5141.0,4866.0,342
347,2013-12-01,Ohio,31976.0,30852.0,1345
348,2013-11-01,Florida,37545.0,30492.0,1622
349,2013-11-01,Iowa,196.0,5246.0,10
350,2013-11-01,Nevada,4165.0,3962.0,303
351,2013-11-01,Ohio,26725.0,29854.0,1341
352,2013-10-01,Florida,34006.0,23276.0,1489
353,2013-10-01,Iowa,212.0,3696.0,6
354,2013-10-01,Nevada,3873.0,3221.0,277
355,2013-10-01,Ohio,23348.0,20561.0,1091
356,2013-09-01,Florida,31866.0,20815.0,1351
357,2013-09-01,Iowa,153.0,3166.0,6
358,2013-09-01,Nevada,3358.0,3109.0,228
359,2013-09-01,Ohio,20526.0,18142.0,995
360,2013-08-01,Florida,35828.0,20307.0,1545
361,2013-08-01,Iowa,223.0,2519.0,2
362,2013-08-01,Nevada,3906.0,3176.0,254
363,2013-08-01,Ohio,21681.0,16535.0,1064
364,2013-07-01,Florida,34204.0,18664.0,1365
365,2013-07-01,Iowa,82.0,1603.0,1
366,2013-07-01,Nevada,3617.0,2706.0,244
367,2013-07-01,Ohio,21099.0,14667.0,877
368,2013-06-01,Florida,33559.0,19343.0,1377
369,2013-06-01,Iowa,74.0,1713.0,3
370,2013-06-01,Nevada,4043.0,3125.0,274
371,2013-06-01,Ohio,20896.0,14770.0,903
372,2013-05-01,Florida,35935.0,21373.0,1488
373,2013-05-01,Iowa,78.0,2016.0,4
374,2013-05-01,Nevada,4426.0,3571.0,315
375,2013-05-01,Ohio,23364.0,15596.0,1034
376,2013-04-01,Florida,41943.0,25404.0,1649
377,2013-04-01,Iowa,120.0,2947.0,2
378,2013-04-01,Nevada,5241.0,4263.0,362
379,2013-04-01,Ohio,31627.0,21579.0,1217
380,2013-03-01,Florida,48586.0,31464.0,1875
381,2013-03-01,Iowa,195.0,4400.0,3
382,2013-03-01,Nevada,6305.0,5169.0,419
383,2013-03-01,Ohio,42641.0,27725.0,1699
384,2013-02-01,Florida,56967.0,34711.0,2495
385,2013-02-01,Iowa,238.0,3995.0,8
386,2013-02-01,Nevada,7432.0,5095.0,516
387,2013-02-01,Ohio,45622.0,26931.0,1955
388,2013-01-01,Florida,68294.0,41844.0,2874
389,2013-01-01,Iowa,344.0,4399.0,13
390,2013-01-01,Nevada,8354.0,5865.0,619
391,2013-01-01,Ohio,49243.0,29034.0,1923
392,2012-12-01,Florida,65872.0,59904.0,3436
393,2012-12-01,Iowa,235.0,8121.0,9
394,2012-12-01,Nevada,9274.0,9429.0,749
395,2012-12-01,Ohio,48667.0,47197.0,2488
396,2012-11-01,Florida,43550.0,37856.0,2187
397,2012-11-01,Iowa,157.0,7217.0,3
398,2012-11-01,Nevada,5795.0,5961.0,486
399,2012-11-01,Ohio,32230.0,36389.0,1726
400,2012-10-01,Florida,35686.0,23640.0,1634
401,2012-10-01,Iowa,128.0,4538.0,10
402,2012-10-01,Nevada,4404.0,3703.0,366
403,2012-10-01,Ohio,23729.0,21397.0,1121
404,2012-09-01,Florida,33996.0,20479.0,1495
405,2012-09-01,Iowa,81.0,3379.0,4
406,2012-09-01,Nevada,4325.0,3638.0,296
407,2012-09-01,Ohio,22700.0,18049.0,1188
408,2012-08-01,Florida,37184.0,20301.0,1558
409,2012-08-01,Iowa,82.0,2810.0,3
410,2012-08-01,Nevada,4693.0,3576.0,324
411,2012-08-01,Ohio,23175.0,16601.0,1009
412,2012-07-01,Florida,34543.0,17864.0,1327
413,2012-07-01,Iowa,73.0,2036.0,2
414,2012-07-01,Nevada,4086.0,3108.0,280
415,2012-07-01,Ohio,20677.0,13904.0,839
416,2012-06-01,Florida,33679.0,17828.0,1302
417,2012-06-01,Iowa,72.0,2177.0,1
418,2012-06-01,Nevada,4141.0,3310.0,263
419,2012-06-01,Ohio,20125.0,14019.0,830
420,2012-05-01,Florida,33310.0,17547.0,1237
421,2012-05-01,Iowa,72.0,1916.0,3
422,2012-05-01,Nevada,4576.0,3268.0,298
423,2012-05-01,Ohio,20446.0,13211.0,810
424,2012-04-01,Florida,34847.0,18257.0,1336
425,2012-04-01,Iowa,116.0,2712.0,8
426,2012-04-01,Nevada,4683.0,3846.0,342
427,2012-04-01,Ohio,25352.0,15717.0,1038
428,2012-03-01,Florida,41823.0,21504.0,1514
429,2012-03-01,Iowa,162.0,3926.0,5
430,2012-03-01,Nevada,5913.0,4642.0,380
431,2012-03-01,Ohio,33749.0,19245.0,1146
432,2012-02-01,Florida,43744.0,22852.0,1817
433,2012-02-01,Iowa,153.0,3884.0,10
434,2012-02-01,Nevada,5623.0,3881.0,405
435,2012-02-01,Ohio,35526.0,19840.0,1576
436,2012-01-01,Florida,34951.0,18761.0,1402
437,2012-01-01,Iowa,142.0,3006.0,4
438,2012-01-01,Nevada,4416.0,3282.0,276
439,2012-01-01,Ohio,22307.0,13742.0,760
440,2011-12-01,Florida,40463.0,31791.0,2134
441,2011-12-01,Iowa,145.0,6670.0,5
442,2011-12-01,Nevada,5671.0,5643.0,368
443,2011-12-01,Ohio,29717.0,28886.0,1162
444,2011-11-01,Florida,30827.0,23480.0,1700
445,2011-11-01,Iowa,134.0,6094.0,6
446,2011-11-01,Nevada,4176.0,4092.0,275
447,2011-11-01,Ohio,21362.0,24640.0,931
448,2011-10-01,Florida,29491.0,18379.0,1693
449,2011-10-01,Iowa,99.0,4192.0,3
450,2011-10-01,Nevada,3938.0,3211.0,271
451,2011-10-01,Ohio,19153.0,16836.0,858
452,2011-09-01,Florida,29341.0,16267.0,1667
453,2011-09-01,Iowa,88.0,3390.0,4
454,2011-09-01,Nevada,4048.0,3066.0,277
455,2011-09-01,Ohio,17864.0,14411.0,821
456,2011-08-01,Florida,29668.0,15927.0,1643
457,2011-08-01,Iowa,69.0,2629.0,2
458,2011-08-01,Nevada,4140.0,3276.0,282
459,2011-08-01,Ohio,17325.0,13410.0,743
460,2011-07-01,Florida,27240.0,13412.0,1455
461,2011-07-01,Iowa,37.0,1812.0,3
462,2011-07-01,Nevada,3816.0,2804.0,213
463,2011-07-01,Ohio,15404.0,10937.0,649
464,2011-06-01,Florida,27744.0,13091.0,1470
465,2011-06-01,Iowa,43.0,1803.0,3
466,2011-06-01,Nevada,3756.0,2919.0,278
467,2011-06-01,Ohio,15226.0,9991.0,591
468,2011-05-01,Florida,27882.0,12952.0,1306
469,2011-05-01,Iowa,46.0,1809.0,5
470,2011-05-01,Nevada,4375.0,3208.0,275
471,2011-05-01,Ohio,17056.0,10842.0,641
472,2011-04-01,Florida,30697.0,14985.0,1399
473,2011-04-01,Iowa,59.0,2984.0,1
474,2011-04-01,Nevada,4410.0,3383.0,277
475,2011-04-01,Ohio,21622.0,14325.0,822
476,2011-03-01,Florida,35962.0,17283.0,1614
477,2011-03-01,Iowa,91.0,4095.0,10
478,2011-03-01,Nevada,5549.0,4111.0,344
479,2011-03-01,Ohio,26107.0,16404.0,893
480,2011-02-01,Florida,37890.0,18121.0,1703
481,2011-02-01,Iowa,98.0,3332.0,7
482,2011-02-01,Nevada,5043.0,3362.0,332
483,2011-02-01,Ohio,24197.0,14456.0,1147
484,2011-01-01,Florida,32684.0,16731.0,1420
485,2011-01-01,Iowa,86.0,3028.0,4
486,2011-01-01,Nevada,4324.0,3067.0,272
487,2011-01-01,Ohio,18305.0,11163.0,691
488,2010-12-01,Florida,34196.0,27204.0,1564
489,2010-12-01,Iowa,76.0,6065.0,5
490,2010-12-01,Nevada,5046.0,4759.0,311
491,2010-12-01,Ohio,21429.0,22061.0,766
492,2010-11-01,Florida,27691.0,19404.0,1366
493,2010-11-01,Iowa,40.0,6199.0,5
494,2010-11-01,Nevada,3774.0,3365.0,245
495,2010-11-01,Ohio,16886.0,22161.0,644
496,2010-10-01,Florida,26902.0,15965.0,1358
497,2010-10-01,Iowa,42.0,4289.0,6
498,2010-10-01,Nevada,3529.0,2744.0,243
499,2010-10-01,Ohio,16955.0,14932.0,724
500,2010-09-01,Florida,25405.0,13802.0,1239
501,2010-09-01,Iowa,35.0,3312.0,5
502,2010-09-01,Nevada,3393.0,2757.0,230
503,2010-09-01,Ohio,14875.0,12466.0,647
504,2010-08-01,Florida,25610.0,13532.0,1243
505,2010-08-01,Iowa,40.0,2496.0,0
506,2010-08-01,Nevada,3608.0,2911.0,217
507,2010-08-01,Ohio,14235.0,11330.0,570
508,2010-07-01,Florida,25729.0,12007.0,1186
509,2010-07-01,Iowa,50.0,1700.0,1
510,2010-07-01,Nevada,3329.0,2336.0,216
511,2010-07-01,Ohio,14141.0,9700.0,553
512,2010-06-01,Florida,24424.0,11565.0,1239
513,2010-06-01,Iowa,54.0,1938.0,2
514,2010-06-01,Nevada,3399.0,2595.0,231
515,2010-06-01,Ohio,12808.0,8904.0,513
516,2010-05-01,Florida,25428.0,11640.0,1107
517,2010-05-01,Iowa,44.0,1732.0,3
518,2010-05-01,Nevada,3919.0,2883.0,282
519,2010-05-01,Ohio,14214.0,9410.0,515
520,2010-04-01,Florida,26817.0,12952.0,1207
521,2010-04-01,Iowa,37.0,2442.0,5
522,2010-04-01,Nevada,4284.0,3138.0,259
523,2010-04-01,Ohio,17333.0,11342.0,635
524,2010-03-01,Florida,32241.0,16265.0,1461
525,2010-03-01,Iowa,73.0,4220.0,5
526,2010-03-01,Nevada,4820.0,3390.0,249
527,2010-03-01,Ohio,21508.0,14073.0,710
528,2010-02-01,Florida,30890.0,16415.0,1268
529,2010-02-01,Iowa,61.0,3259.0,5
530,2010-02-01,Nevada,4013.0,3119.0,288
531,2010-02-01,Ohio,18528.0,12089.0,813
532,2010-01-01,Florida,27038.0,15924.0,1303
533,2010-01-01,Iowa,36.0,2748.0,4
534,2010-01-01,Nevada,3511.0,2806.0,246
535,2010-01-01,Ohio,16178.0,11272.0,669
536,2009-12-01,Florida,29581.0,24460.0,1407
537,2009-12-01,Iowa,42.0,5570.0,1
538,2009-12-01,Nevada,4493.0,4516.0,293
539,2009-12-01,Ohio,17880.0,20595.0,600
540,2009-11-01,Florida,25427.0,17590.0,1141
541,2009-11-01,Iowa,27.0,5416.0,4
542,2009-11-01,Nevada,3411.0,3284.0,253
543,2009-11-01,Ohio,15223.0,20759.0,603
544,2009-10-01,Florida,25740.0,15529.0,1371
545,2009-10-01,Iowa,33.0,4700.0,4
546,2009-10-01,Nevada,3708.0,3096.0,250
547,2009-10-01,Ohio,15130.0,15489.0,668
548,2009-09-01,Florida,23346.0,13521.0,1092
549,2009-09-01,Iowa,29.0,3416.0,2
550,2009-09-01,Nevada,2868.0,2614.0,222
551,2009-09-01,Ohio,12947.0,12103.0,587
552,2009-08-01,Florida,24043.0,13398.0,1167
553,2009-08-01,Iowa,32.0,2608.0,6
554,2009-08-01,Nevada,3342.0,2822.0,232
555,2009-08-01,Ohio,12895.0,11300.0,526
556,2009-07-01,Florida,23694.0,12349.0,1212
557,2009-07-01,Iowa,29.0,1747.0,6
558,2009-07-01,Nevada,3038.0,2282.0,196
559,2009-07-01,Ohio,12794.0,10179.0,492
560,2009-06-01,Florida,23275.0,12448.0,1177
561,2009-06-01,Iowa,38.0,1771.0,10
562,2009-06-01,Nevada,3372.0,2687.0,245
563,2009-06-01,Ohio,12529.0,10182.0,864
564,2009-05-01,Florida,24856.0,13363.0,1195
565,2009-05-01,Iowa,32.0,1948.0,10
566,2009-05-01,Nevada,3797.0,2834.0,268
567,2009-05-01,Ohio,14248.0,10629.0,917
568,2009-04-01,Florida,29375.0,16392.0,1430
569,2009-04-01,Iowa,43.0,3095.0,29
570,2009-04-01,Nevada,4693.0,4154.0,311
571,2009-04-01,Ohio,18925.0,13879.0,1221
572,2009-03-01,Florida,33030.0,19076.0,1665
573,2009-03-01,Iowa,62.0,4418.0,22
574,2009-03-01,Nevada,5254.0,4424.0,311
575,2009-03-01,Ohio,22991.0,15972.0,1474
576,2009-02-01,Florida,31718.0,18854.0,1417
577,2009-02-01,Iowa,39.0,3526.0,15
578,2009-02-01,Nevada,4777.0,3495.0,323
579,2009-02-01,Ohio,21117.0,14200.0,1540
580,2009-01-01,Florida,29351.0,18574.0,1384
581,2009-01-01,Iowa,35.0,3305.0,33
582,2009-01-01,Nevada,4663.0,3623.0,294
583,2009-01-01,Ohio,17698.0,12963.0,1254
584,2008-12-01,Florida,33392.0,29358.0,1451
585,2008-12-01,Iowa,51.0,6248.0,26
586,2008-12-01,Nevada,5944.0,5638.0,382
587,2008-12-01,Ohio,20128.0,22613.0,1121
588,2008-11-01,Florida,33870.0,28509.0,1802
589,2008-11-01,Iowa,41.0,6829.0,27
590,2008-11-01,Nevada,6018.0,5938.0,453
591,2008-11-01,Ohio,21284.0,28183.0,1626
592,2008-10-01,Florida,23978.0,17396.0,1139
593,2008-10-01,Iowa,23.0,4906.0,7
594,2008-10-01,Nevada,4082.0,3554.0,266
595,2008-10-01,Ohio,13552.0,15219.0,775
596,2008-09-01,Florida,19209.0,12593.0,771
597,2008-09-01,Iowa,17.0,3724.0,0
598,2008-09-01,Nevada,2809.0,2672.0,201
599,2008-09-01,Ohio,10193.0,11287.0,472
600,2008-08-01,Florida,19929.0,12190.0,760
601,2008-08-01,Iowa,23.0,2610.0,1
602,2008-08-01,Nevada,3489.0,2775.0,261
603,2008-08-01,Ohio,10455.0,10345.0,445
604,2008-07-01,Florida,21831.0,10780.0,744
605,2008-07-01,Iowa,32.0,1703.0,4
606,2008-07-01,Nevada,3233.0,2102.0,174
607,2008-07-01,Ohio,10124.0,8893.0,418
608,2008-06-01,Florida,21317.0,10823.0,729
609,2008-06-01,Iowa,17.0,1663.0,1
610,2008-06-01,Nevada,2517.0,1801.0,129
611,2008-06-01,Ohio,9483.0,8069.0,403
612,2008-05-01,Florida,22085.0,11565.0,777
613,2008-05-01,Iowa,30.0,1841.0,0
614,2008-05-01,Nevada,2818.0,2004.0,159
615,2008-05-01,Ohio,11634.0,9167.0,459
616,2008-04-01,Florida,22873.0,11925.0,803
617,2008-04-01,Iowa,26.0,2931.0,5
618,2008-04-01,Nevada,2738.0,2119.0,120
619,2008-04-01,Ohio,12773.0,10745.0,519
620,2008-03-01,Florida,23888.0,13781.0,771
621,2008-03-01,Iowa,38.0,4141.0,4
622,2008-03-01,Nevada,3519.0,2651.0,153
623,2008-03-01,Ohio,15096.0,12216.0,684
624,2008-02-01,Florida,23891.0,14570.0,843
625,2008-02-01,Iowa,30.0,3184.0,3
626,2008-02-01,Nevada,3209.0,2344.0,186
627,2008-02-01,Ohio,14693.0,11940.0,577
628,2008-01-01,Florida,21902.0,14496.0,791
629,2008-01-01,Iowa,27.0,2986.0,4
630,2008-01-01,Nevada,2390.0,1930.0,132
631,2008-01-01,Ohio,12322.0,13587.0,649
632,2007-12-01,Florida,23703.0,24625.0,917
633,2007-12-01,Iowa,23.0,6371.0,3
634,2007-12-01,Nevada,3255.0,3832.0,166
635,2007-12-01,Ohio,13589.0,22970.0,625
636,2007-11-01,Florida,18959.0,18123.0,753
637,2007-11-01,Iowa,33.0,6855.0,6
638,2007-11-01,Nevada,2179.0,2663.0,117
639,2007-11-01,Ohio,10308.0,23350.0,618
640,2007-10-01,Florida,18709.0,15066.0,725
641,2007-10-01,Iowa,14.0,5261.0,3
642,2007-10-01,Nevada,2209.0,2015.0,120
643,2007-10-01,Ohio,9598.0,16284.0,509
644,2007-09-01,Florida,17555.0,13315.0,654
645,2007-09-01,Iowa,14.0,3685.0,2
646,2007-09-01,Nevada,2097.0,2165.0,109
647,2007-09-01,Ohio,8506.0,14391.0,441
648,2007-08-01,Florida,19278.0,12899.0,757
649,2007-08-01,Iowa,19.0,2822.0,1
650,2007-08-01,Nevada,2571.0,2157.0,127
651,2007-08-01,Ohio,8688.0,11876.0,387
652,2007-07-01,Florida,17668.0,10513.0,638
653,2007-07-01,Iowa,8.0,1634.0,5
654,2007-07-01,Nevada,2110.0,1544.0,92
655,2007-07-01,Ohio,8292.0,11280.0,373
656,2007-06-01,Florida,19377.0,11646.0,701
657,2007-06-01,Iowa,10.0,1647.0,1
658,2007-06-01,Nevada,2434.0,1863.0,117
659,2007-06-01,Ohio,8661.0,11526.0,385
660,2007-05-01,Florida,19701.0,11298.0,712
661,2007-05-01,Iowa,18.0,1563.0,3
662,2007-05-01,Nevada,2467.0,1779.0,125
663,2007-05-01,Ohio,9327.0,11055.0,428
664,2007-04-01,Florida,19755.0,10901.0,669
665,2007-04-01,Iowa,22.0,2594.0,3
666,2007-04-01,Nevada,2358.0,1955.0,127
667,2007-04-01,Ohio,11287.0,12819.0,517
668,2007-03-01,Florida,21650.0,13835.0,839
669,2007-03-01,Iowa,32.0,3991.0,2
670,2007-03-01,Nevada,3001.0,2316.0,145
671,2007-03-01,Ohio,13428.0,15898.0,645
672,2007-02-01,Florida,20935.0,13846.0,677
673,2007-02-01,Iowa,25.0,3221.0,3
674,2007-02-01,Nevada,2556.0,2066.0,139
675,2007-02-01,Ohio,11980.0,12876.0,571
676,2007-01-01,Florida,19482.0,13887.0,697
677,2007-01-01,Iowa,13.0,3088.0,3
678,2007-01-01,Nevada,2395.0,2057.0,126
679,2007-01-01,Ohio,11141.0,13703.0,634
680,2006-12-01,Florida,21311.0,27946.0,778
681,2006-12-01,Iowa,34.0,7691.0,2
682,2006-12-01,Nevada,2916.0,4044.0,175
683,2006-12-01,Ohio,13640.0,25108.0,551
684,2006-11-01,Florida,18006.0,20716.0,709
685,2006-11-01,Iowa,20.0,7141.0,5
686,2006-11-01,Nevada,2128.0,2736.0,111
687,2006-11-01,Ohio,9911.0,24610.0,481
688,2006-10-01,Florida,17970.0,15942.0,739
689,2006-10-01,Iowa,24.0,5694.0,3
690,2006-10-01,Nevada,2294.0,2382.0,131
691,2006-10-01,Ohio,9485.0,15865.0,460
692,2006-09-01,Florida,16596.0,13698.0,674
693,2006-09-01,Iowa,11.0,4437.0,3
694,2006-09-01,Nevada,2059.0,2339.0,119
695,2006-09-01,Ohio,8680.0,15186.0,482
696,2006-08-01,Florida,17575.0,12997.0,674
697,2006-08-01,Iowa,13.0,2599.0,2
698,2006-08-01,Nevada,2707.0,2393.0,180
699,2006-08-01,Ohio,8101.0,12024.0,408
700,2006-07-01,Florida,16011.0,10415.0,582
701,2006-07-01,Iowa,16.0,1733.0,0
702,2006-07-01,Nevada,2147.0,1853.0,152
703,2006-07-01,Ohio,7293.0,9630.0,338
704,2006-06-01,Florida,16766.0,10790.0,602
705,2006-06-01,Iowa,13.0,1775.0,1
706,2006-06-01,Nevada,2023.0,1867.0,134
707,2006-06-01,Ohio,7862.0,10911.0,371
708,2006-05-01,Florida,16822.0,10891.0,595
709,2006-05-01,Iowa,19.0,1769.0,0
710,2006-05-01,Nevada,2092.0,1948.0,109
711,2006-05-01,Ohio,8846.0,10854.0,453
712,2006-04-01,Florida,16904.0,11827.0,630
713,2006-04-01,Iowa,15.0,2899.0,0
714,2006-04-01,Nevada,2292.0,2311.0,137
715,2006-04-01,Ohio,9660.0,12692.0,550
716,2006-03-01,Florida,19099.0,14774.0,661
717,2006-03-01,Iowa,34.0,4204.0,2
718,2006-03-01,Nevada,3051.0,2794.0,192
719,2006-03-01,Ohio,12873.0,16625.0,655
720,2006-02-01,Florida,18880.0,14471.0,645
721,2006-02-01,Iowa,25.0,3403.0,3
722,2006-02-01,Nevada,2513.0,2501.0,155
723,2006-02-01,Ohio,12791.0,14834.0,745
724,2006-01-01,Florida,17881.0,15011.0,603
725,2006-01-01,Iowa,34.0,3297.0,2
726,2006-01-01,Nevada,2431.0,2350.0,159
727,2006-01-01,Ohio,10510.0,12767.0,679
728,2005-12-01,Florida,20028.0,30257.0,787
729,2005-12-01,Iowa,39.0,8110.0,5
730,2005-12-01,Nevada,3607.0,4860.0,293
731,2005-12-01,Ohio,11928.0,24515.0,769
732,2005-11-01,Florida,16542.0,19727.0,621
733,2005-11-01,Iowa,26.0,7684.0,5
734,2005-11-01,Nevada,2760.0,3105.0,222
735,2005-11-01,Ohio,9287.0,23316.0,794
736,2005-10-01,Florida,16712.0,15828.0,622
737,2005-10-01,Iowa,24.0,5758.0,0
738,2005-10-01,Nevada,2512.0,2747.0,129
739,2005-10-01,Ohio,9033.0,15455.0,712
740,2005-09-01,Florida,15752.0,14118.0,689
741,2005-09-01,Iowa,29.0,3747.0,1
742,2005-09-01,Nevada,2005.0,2366.0,107
743,2005-09-01,Ohio,8467.0,12915.0,614
744,2005-08-01,Florida,14600.0,12282.0,565
745,2005-08-01,Iowa,21.0,2554.0,3
746,2005-08-01,Nevada,2294.0,2235.0,128
747,2005-08-01,Ohio,8229.0,12215.0,576
748,2005-07-01,Florida,13059.0,9570.0,491
749,2005-07-01,Iowa,18.0,1715.0,3
750,2005-07-01,Nevada,1822.0,1671.0,120
751,2005-07-01,Ohio,7803.0,9532.0,453
752,2005-06-01,Florida,14013.0,9917.0,498
753,2005-06-01,Iowa,16.0,1694.0,3
754,2005-06-01,Nevada,1788.0,1742.0,105
755,2005-06-01,Ohio,7844.0,9678.0,465
756,2005-05-01,Florida,13750.0,9408.0,484
757,2005-05-01,Iowa,20.0,1761.0,2
758,2005-05-01,Nevada,1905.0,1757.0,85
759,2005-05-01,Ohio,8720.0,10095.0,525
760,2005-04-01,Florida,15256.0,11033.0,549
761,2005-04-01,Iowa,20.0,2701.0,2
762,2005-04-01,Nevada,2046.0,1973.0,119
763,2005-04-01,Ohio,10592.0,12945.0,521
764,2005-03-01,Florida,14452.0,12328.0,560
765,2005-03-01,Iowa,31.0,3917.0,3
766,2005-03-01,Nevada,2549.0,2264.0,132
767,2005-03-01,Ohio,12805.0,14385.0,652
768,2005-02-01,Florida,14612.0,12797.0,565
769,2005-02-01,Iowa,20.0,3303.0,4
770,2005-02-01,Nevada,2179.0,2181.0,140
771,2005-02-01,Ohio,12848.0,13380.0,675
772,2005-01-01,Florida,14017.0,13163.0,555
773,2005-01-01,Iowa,32.0,2898.0,2
774,2005-01-01,Nevada,1915.0,1920.0,118
775,2005-01-01,Ohio,9768.0,11744.0,598
776,2004-12-01,Florida,15844.0,27777.0,643
777,2004-12-01,Iowa,28.0,7734.0,5
778,2004-12-01,Nevada,2152.0,3756.0,182
779,2004-12-01,Ohio,11660.0,24059.0,516
780,2004-11-01,Florida,12819.0,19106.0,574
781,2004-11-01,Iowa,23.0,6952.0,2
782,2004-11-01,Nevada,1760.0,2464.0,114
783,2004-11-01,Ohio,9488.0,24628.0,534
784,2004-10-01,Florida,12988.0,16394.0,586
785,2004-10-01,Iowa,24.0,6047.0,8
786,2004-10-01,Nevada,2002.0,2510.0,139
787,2004-10-01,Ohio,9123.0,17340.0,566
788,2004-09-01,Florida,9470.0,10334.0,407
789,2004-09-01,Iowa,30.0,3944.0,3
790,2004-09-01,Nevada,1758.0,2441.0,131
791,2004-09-01,Ohio,8416.0,13581.0,492
792,2004-08-01,Florida,10959.0,10461.0,531
793,2004-08-01,Iowa,18.0,2875.0,6
794,2004-08-01,Nevada,1856.0,2049.0,113
795,2004-08-01,Ohio,8273.0,13025.0,421
796,2004-07-01,Florida,10740.0,9001.0,441
797,2004-07-01,Iowa,26.0,1767.0,4
798,2004-07-01,Nevada,1908.0,1931.0,135
799,2004-07-01,Ohio,8171.0,9880.0,332
800,2004-06-01,Florida,11108.0,8873.0,464
801,2004-06-01,Iowa,19.0,1781.0,1
802,2004-06-01,Nevada,1798.0,1710.0,104
803,2004-06-01,Ohio,8839.0,9361.0,405
804,2004-05-01,Florida,10806.0,8582.0,424
805,2004-05-01,Iowa,18.0,1706.0,1
806,2004-05-01,Nevada,1840.0,1956.0,100
807,2004-05-01,Ohio,9791.0,9052.0,389
808,2004-04-01,Florida,11542.0,9375.0,466
809,2004-04-01,Iowa,26.0,2586.0,1
810,2004-04-01,Nevada,2030.0,2092.0,121
811,2004-04-01,Ohio,13048.0,12000.0,548
812,2004-03-01,Florida,13066.0,11065.0,524
813,2004-03-01,Iowa,34.0,3595.0,4
814,2004-03-01,Nevada,2360.0,2309.0,148
815,2004-03-01,Ohio,14932.0,14278.0,666
816,2004-02-01,Florida,13072.0,11921.0,506
817,2004-02-01,Iowa,33.0,3149.0,7
818,2004-02-01,Nevada,2218.0,2141.0,110
819,2004-02-01,Ohio,14570.0,13324.0,617
820,2004-01-01,Florida,12341.0,12444.0,500
821,2004-01-01,Iowa,27.0,2872.0,4
822,2004-01-01,Nevada,2080.0,2053.0,104
823,2004-01-01,Ohio,10852.0,12738.0,754
824,2003-12-01,Florida,13243.0,23434.0,583
825,2003-12-01,Iowa,34.0,7760.0,3
826,2003-12-01,Nevada,2187.0,3465.0,125
827,2003-12-01,Ohio,9941.0,25472.0,557
828,2003-11-01,Florida,10373.0,15492.0,461
829,2003-11-01,Iowa,16.0,6792.0,3
830,2003-11-01,Nevada,1756.0,2333.0,87
831,2003-11-01,Ohio,7821.0,24729.0,588
832,2003-10-01,Florida,11125.0,13806.0,490
833,2003-10-01,Iowa,22.0,5711.0,0
834,2003-10-01,Nevada,1920.0,2298.0,112
835,2003-10-01,Ohio,7714.0,16537.0,569
836,2003-09-01,Florida,10963.0,11116.0,488
837,2003-09-01,Iowa,17.0,3882.0,2
838,2003-09-01,Nevada,1632.0,2012.0,112
839,2003-09-01,Ohio,7135.0,14317.0,622
840,2003-08-01,Florida,11341.0,11389.0,468
841,2003-08-01,Iowa,20.0,2588.0,4
842,2003-08-01,Nevada,1985.0,2275.0,109
843,2003-08-01,Ohio,6661.0,13645.0,418
844,2003-07-01,Florida,9731.0,8767.0,415
845,2003-07-01,Iowa,25.0,1545.0,0
846,2003-07-01,Nevada,1776.0,1638.0,91
847,2003-07-01,Ohio,5956.0,9045.0,350
848,2003-06-01,Florida,10197.0,8621.0,400
849,2003-06-01,Iowa,15.0,1483.0,3
850,2003-06-01,Nevada,1537.0,1502.0,112
851,2003-06-01,Ohio,6162.0,9629.0,464
852,2003-05-01,Florida,10463.0,8740.0,415
853,2003-05-01,Iowa,8.0,1588.0,3
854,2003-05-01,Nevada,1865.0,1708.0,120
855,2003-05-01,Ohio,7040.0,10300.0,467
856,2003-04-01,Florida,10801.0,9036.0,386
857,2003-04-01,Iowa,17.0,2338.0,3
858,2003-04-01,Nevada,1753.0,1967.0,115
859,2003-04-01,Ohio,7873.0,12557.0,443
860,2003-03-01,Florida,12440.0,11484.0,485
861,2003-03-01,Iowa,23.0,3273.0,3
862,2003-03-01,Nevada,2559.0,2331.0,135
863,2003-03-01,Ohio,10145.0,15951.0,830
864,2003-02-01,Florida,12215.0,11447.0,555
865,2003-02-01,Iowa,36.0,2684.0,4
866,2003-02-01,Nevada,1916.0,1984.0,122
867,2003-02-01,Ohio,9533.0,14137.0,785
868,2003-01-01,Florida,11191.0,11414.0,482
869,2003-01-01,Iowa,18.0,2417.0,6
870,2003-01-01,Nevada,1806.0,1868.0,115
871,2003-01-01,Ohio,7269.0,11867.0,713
872,2002-12-01,Florida,11754.0,22425.0,451
873,2002-12-01,Iowa,29.0,6586.0,2
874,2002-12-01,Nevada,1918.0,3187.0,100
875,2002-12-01,Ohio,9380.0,25337.0,571
876,2002-11-01,Florida,10420.0,16300.0,458
877,2002-11-01,Iowa,32.0,6103.0,1
878,2002-11-01,Nevada,1644.0,2227.0,104
879,2002-11-01,Ohio,7939.0,25864.0,550
880,2002-10-01,Florida,11108.0,13511.0,460
881,2002-10-01,Iowa,14.0,5187.0,3
882,2002-10-01,Nevada,1894.0,2312.0,103
883,2002-10-01,Ohio,7660.0,19222.0,590
884,2002-09-01,Florida,10087.0,11020.0,418
885,2002-09-01,Iowa,18.0,3558.0,8
886,2002-09-01,Nevada,1659.0,2029.0,93
887,2002-09-01,Ohio,7064.0,16062.0,570
888,2002-08-01,Florida,11087.0,10848.0,444
889,2002-08-01,Iowa,12.0,2351.0,4
890,2002-08-01,Nevada,1913.0,1932.0,126
891,2002-08-01,Ohio,6508.0,16232.0,437
892,2002-07-01,Florida,9898.0,8128.0,376
893,2002-07-01,Iowa,43.0,1426.0,2
894,2002-07-01,Nevada,1652.0,1570.0,105
895,2002-07-01,Ohio,5361.0,10352.0,336
896,2002-06-01,Florida,10500.0,8361.0,416
897,2002-06-01,Iowa,22.0,1291.0,3
898,2002-06-01,Nevada,1515.0,1472.0,97
899,2002-06-01,Ohio,5793.0,8325.0,479
900,2002-05-01,Florida,10309.0,7780.0,377
901,2002-05-01,Iowa,13.0,1369.0,0
902,2002-05-01,Nevada,1861.0,1651.0,114
903,2002-05-01,Ohio,6850.0,8397.0,494
904,2002-04-01,Florida,10388.0,7910.0,401
905,2002-04-01,Iowa,40.0,2354.0,3
906,2002-04-01,Nevada,1757.0,1728.0,113
907,2002-04-01,Ohio,8344.0,11275.0,661
908,2002-03-01,Florida,11307.0,9916.0,435
909,2002-03-01,Iowa,19.0,3055.0,2
910,2002-03-01,Nevada,2284.0,2220.0,125
911,2002-03-01,Ohio,9328.0,13407.0,791
912,2002-02-01,Florida,11955.0,10681.0,502
913,2002-02-01,Iowa,17.0,2591.0,4
914,2002-02-01,Nevada,1901.0,1827.0,107
915,2002-02-01,Ohio,9070.0,12255.0,722
916,2002-01-01,Florida,10907.0,10289.0,429
917,2002-01-01,Iowa,24.0,2367.0,3
918,2002-01-01,Nevada,1958.0,1742.0,114
919,2002-01-01,Ohio,8196.0,11245.0,603
920,2001-12-01,Florida,12438.0,21872.0,490
921,2001-12-01,Iowa,42.0,6400.0,5
922,2001-12-01,Nevada,2471.0,3432.0,127
923,2001-12-01,Ohio,10429.0,25434.0,527
924,2001-11-01,Florida,12467.0,16929.0,484
925,2001-11-01,Iowa,34.0,6560.0,6
926,2001-11-01,Nevada,1876.0,2283.0,96
927,2001-11-01,Ohio,9547.0,27085.0,622
928,2001-10-01,Florida,18244.0,18160.0,834
929,2001-10-01,Iowa,51.0,5559.0,3
930,2001-10-01,Nevada,2502.0,2592.0,141
931,2001-10-01,Ohio,11875.0,20973.0,655
932,2001-09-01,Florida,13916.0,14350.0,667
933,2001-09-01,Iowa,38.0,4548.0,2
934,2001-09-01,Nevada,2406.0,2745.0,139
935,2001-09-01,Ohio,10647.0,18571.0,630
936,2001-08-01,Florida,10482.0,10390.0,439
937,2001-08-01,Iowa,24.0,2567.0,3
938,2001-08-01,Nevada,1813.0,2010.0,93
939,2001-08-01,Ohio,6825.0,13486.0,414
940,2001-07-01,Florida,9609.0,7813.0,403
941,2001-07-01,Iowa,29.0,1550.0,2
942,2001-07-01,Nevada,1762.0,1629.0,99
943,2001-07-01,Ohio,5506.0,8132.0,296
944,2001-06-01,Florida,10116.0,7662.0,367
945,2001-06-01,Iowa,22.0,1603.0,1
946,2001-06-01,Nevada,1719.0,1736.0,100
947,2001-06-01,Ohio,6155.0,8787.0,370
948,2001-05-01,Florida,9864.0,7324.0,338
949,2001-05-01,Iowa,35.0,1468.0,3
950,2001-05-01,Nevada,1814.0,1598.0,104
951,2001-05-01,Ohio,6322.0,8331.0,422
952,2001-04-01,Florida,10081.0,7707.0,335
953,2001-04-01,Iowa,28.0,2306.0,2
954,2001-04-01,Nevada,1742.0,1552.0,98
955,2001-04-01,Ohio,7319.0,10962.0,431
956,2001-03-01,Florida,11532.0,10239.0,420
957,2001-03-01,Iowa,40.0,3204.0,1
958,2001-03-01,Nevada,2135.0,2060.0,129
959,2001-03-01,Ohio,10033.0,14088.0,547
960,2001-02-01,Florida,11178.0,9795.0,423
961,2001-02-01,Iowa,23.0,2719.0,3
962,2001-02-01,Nevada,1923.0,1816.0,129
963,2001-02-01,Ohio,9438.0,12781.0,491
964,2001-01-01,Florida,11227.0,10396.0,395
965,2001-01-01,Iowa,45.0,2523.0,3
966,2001-01-01,Nevada,1872.0,1723.0,79
967,2001-01-01,Ohio,8170.0,11130.0,519
968,2000-12-01,Florida,11695.0,21628.0,447
969,2000-12-01,Iowa,20.0,5984.0,0
970,2000-12-01,Nevada,2265.0,3483.0,130
971,2000-12-01,Ohio,9536.0,22917.0,528
972,2000-11-01,Florida,9857.0,15023.0,424
973,2000-11-01,Iowa,45.0,7001.0,4
974,2000-11-01,Nevada,1720.0,2024.0,101
975,2000-11-01,Ohio,8048.0,26300.0,542
976,2000-10-01,Florida,9923.0,12411.0,383
977,2000-10-01,Iowa,36.0,6225.0,3
978,2000-10-01,Nevada,1711.0,2186.0,94
979,2000-10-01,Ohio,7568.0,17066.0,401
980,2000-09-01,Florida,9485.0,10130.0,373
981,2000-09-01,Iowa,44.0,4671.0,1
982,2000-09-01,Nevada,1877.0,2326.0,100
983,2000-09-01,Ohio,7361.0,16241.0,513
984,2000-08-01,Florida,10226.0,8969.0,380
985,2000-08-01,Iowa,40.0,2850.0,2
986,2000-08-01,Nevada,1756.0,1877.0,105
987,2000-08-01,Ohio,7206.0,13268.0,413
988,2000-07-01,Florida,9286.0,7175.0,357
989,2000-07-01,Iowa,25.0,1688.0,1
990,2000-07-01,Nevada,1842.0,1648.0,95
991,2000-07-01,Ohio,5923.0,8588.0,367
992,2000-06-01,Florida,10041.0,7298.0,345
993,2000-06-01,Iowa,29.0,1633.0,4
994,2000-06-01,Nevada,1796.0,1702.0,113
995,2000-06-01,Ohio,6704.0,8657.0,369
996,2000-05-01,Florida,9593.0,6685.0,332
997,2000-05-01,Iowa,29.0,1511.0,4
998,2000-05-01,Nevada,2006.0,1676.0,117
999,2000-05-01,Ohio,6753.0,8260.0,363
1000,2000-04-01,Florida,10156.0,7068.0,330
1001,2000-04-01,Iowa,34.0,2250.0,1
1002,2000-04-01,Nevada,2040.0,1817.0,106
1003,2000-04-01,Ohio,9283.0,11404.0,483
1004,2000-03-01,Florida,11262.0,8575.0,387
1005,2000-03-01,Iowa,50.0,2844.0,5
1006,2000-03-01,Nevada,2287.0,1991.0,146
1007,2000-03-01,Ohio,11022.0,13025.0,649
1008,2000-02-01,Florida,11071.0,9088.0,431
1009,2000-02-01,Iowa,46.0,2776.0,7
1010,2000-02-01,Nevada,2297.0,1988.0,147
1011,2000-02-01,Ohio,10979.0,12697.0,528
1012,2000-01-01,Florida,9967.0,8871.0,340
1013,2000-01-01,Iowa,42.0,2563.0,2
1014,2000-01-01,Nevada,2220.0,1887.0,131
1015,2000-01-01,Ohio,8932.0,10795.0,473
1016,1999-12-01,Florida,14736.0,24200.0,598
1017,1999-12-01,Iowa,50.0,7721.0,3
1018,1999-12-01,Nevada,3593.0,4569.0,203
1019,1999-12-01,Ohio,14076.0,26744.0,676
1020,1999-11-01,Florida,10440.0,15319.0,399
1021,1999-11-01,Iowa,41.0,7507.0,4
1022,1999-11-01,Nevada,2542.0,2672.0,136
1023,1999-11-01,Ohio,10639.0,27755.0,546
1024,1999-10-01,Florida,10448.0,12058.0,390
1025,1999-10-01,Iowa,48.0,6840.0,2
1026,1999-10-01,Nevada,2362.0,2541.0,141
1027,1999-10-01,Ohio,10443.0,18780.0,547
1028,1999-09-01,Florida,9292.0,9495.0,350
1029,1999-09-01,Iowa,59.0,4845.0,3
1030,1999-09-01,Nevada,2385.0,2793.0,150
1031,1999-09-01,Ohio,8442.0,16519.0,457
1032,1999-08-01,Florida,9946.0,8591.0,368
1033,1999-08-01,Iowa,49.0,2902.0,3
1034,1999-08-01,Nevada,2437.0,2216.0,186
1035,1999-08-01,Ohio,8667.0,13157.0,438
1036,1999-07-01,Florida,10279.0,7868.0,353
1037,1999-07-01,Iowa,52.0,1854.0,2
1038,1999-07-01,Nevada,2489.0,1901.0,131
1039,1999-07-01,Ohio,7832.0,9201.0,365
1040,1999-06-01,Florida,10450.0,7647.0,370
1041,1999-06-01,Iowa,53.0,1636.0,3
1042,1999-06-01,Nevada,2402.0,1963.0,155
1043,1999-06-01,Ohio,7642.0,8516.0,356
1044,1999-05-01,Florida,10183.0,7355.0,400
1045,1999-05-01,Iowa,63.0,1594.0,2
1046,1999-05-01,Nevada,2491.0,2021.0,155
1047,1999-05-01,Ohio,9014.0,8621.0,384
1048,1999-04-01,Florida,10294.0,7510.0,370
1049,1999-04-01,Iowa,70.0,2258.0,4
1050,1999-04-01,Nevada,2623.0,2008.0,154
1051,1999-04-01,Ohio,10629.0,11498.0,459
1052,1999-03-01,Florida,12149.0,9442.0,397
1053,1999-03-01,Iowa,55.0,2984.0,3
1054,1999-03-01,Nevada,2850.0,2310.0,203
1055,1999-03-01,Ohio,12176.0,12276.0,487
1056,1999-02-01,Florida,11269.0,9182.0,506
1057,1999-02-01,Iowa,60.0,2692.0,7
1058,1999-02-01,Nevada,2617.0,2067.0,185
1059,1999-02-01,Ohio,11757.0,11321.0,446
1060,1999-01-01,Florida,9287.0,8559.0,324
1061,1999-01-01,Iowa,49.0,2538.0,5
1062,1999-01-01,Nevada,2596.0,1985.0,143
1063,1999-01-01,Ohio,7737.0,8708.0,286
1064,1998-12-01,Florida,11188.0,18840.0,337
1065,1998-12-01,Iowa,64.0,6572.0,7
1066,1998-12-01,Nevada,2851.0,3286.0,143
1067,1998-12-01,Ohio,10621.0,20486.0,422
1068,1998-11-01,Florida,319.0,443.0,10
1069,1998-11-01,Iowa,2.0,166.0,0
1070,1998-11-01,Nevada,75.0,76.0,8
1071,1998-11-01,Ohio,502.0,434.0,16
